738.76953, 925.78125, 980.46875, 867.1875, 971.67968, 865.23437, 821.28906, 823.73046, 887.20703, 787.10937, 852.05078, 928.22265, 994.6289, 977.53906, 984.86328, 892.08984, 907.22656, 969.72656, 984.86328, 1049.8046, 1036.621, 1206.5429, 1437.5, 1226.5625, 1307.1289, 926.26953, 1031.7382, 863.28125, 828.125, 1077.1484, 946.77734, 708.49609, 769.53125, 941.89453, 944.82421, 990.23437, 1064.4531, 1275.3906, 1024.9023, 1200.6835, 1176.2695, 1202.1484, 1122.5585, 956.54296, 1075.1953, 738.76953, 454.10156, 628.41796, 153.80859, 51.757812, -83.49609, -285.6445, -346.1914, -387.6953, -337.4023, -335.9375, -455.5664, -624.5117, -401.8554, 234.375, 354.49218, -37.59765, -159.1796, -531.25, -838.3789, -508.789, -131.8359, -312.9882, -603.0273, -301.2695, -120.1171, -72.7539, 319.33593, 732.42187, 1106.9335, 639.64843, 1111.3281, 800.29296, 593.75, 1761.7187, 1212.4023, 874.02343, 873.53515, 1041.0156, 1258.3007, 1592.7734, 1862.7929, 1999.9389, 1999.9389, 1773.4375, 1440.9179, 1271.4843, 1140.1367, 950.19531, 863.76953, 791.99218, 762.20703, 770.01953, 778.32031, 842.28515, 959.96093, 1039.5507, 1083.496, 1124.5117, 1106.9335, 1080.0781, 1033.6914, 1019.0429, 978.51562, 988.76953, 1008.789, 1022.4609, 1023.9257, 1036.1328, 1051.7578, 1041.9921, 1018.0664, 1015.1367, 1024.9023, 1020.996, 1016.1132, 987.30468, 1003.9062, 1011.2304, 997.07031, 1002.9296, 979.0039, 992.67578, 1003.9062, 1011.2304, 1032.2265, 1015.625, 1010.7421, 986.32812, 989.25781, 1018.5546, 1010.7421, 1036.621, 1005.8593, 996.09375, 993.65234, 1016.1132, 1000.0, 1014.6484, 999.02343, 1001.4648, 999.02343, 1001.9531, 1019.0429, 1012.207
1006.8359, 1008.789, 1005.371, 1005.8593, 1003.9062, 994.14062, 1024.414, 1016.1132, 997.55859, 990.23437, 1005.8593, 1002.9296, 984.86328, 999.02343, 983.88671, 963.86718, 1112.3046, 1169.9218, 1199.707, 1147.9492, 1082.5195, 1134.2773, 1267.5781, 1296.875, 1241.6992, 1314.9414, 1348.1445, 1470.7031, 1292.4804, 1253.9062, 1143.5546, 1019.0429, 792.96875, 833.98437, 723.63281, 804.6875, 701.17187, 688.47656, 705.5664, 473.14453, 425.78125, 488.76953, 138.67187, 458.98437, 890.625, 562.98828, 369.14062, 679.6875, 592.28515, 683.59375, 756.83593, 711.42578, 987.79296, 989.25781, 917.96875, 1166.9921, 1209.4726, 1145.996, 934.08203, 521.48437, 728.02734, 326.66015, 212.89062, 134.27734, -81.05468, -218.75, -490.2343, -1221.679, -1507.324, -1480.468, -1216.796, -409.1796, -353.0273, -878.9062, -698.2421, -668.9453, -794.9218, -477.539, -743.164, -709.9609, -415.039, -517.0898, -938.4765, -879.3945, -727.0507, -358.8867, -171.3867, -259.2773, -248.0468, 351.07421, 513.18359, 100.09765, -32.22656, 270.50781, 559.57031, 609.86328, 786.62109, 842.28515, 558.59375, 1372.0703, 1272.4609, 805.66406, 727.53906, 1238.7695, 1651.3671, 1545.8984, 1903.8085, 1964.3554, 1999.9389, 1970.7031, 1803.7109, 1501.4648, 1261.7187, 1104.0039, 928.22265, 838.3789, 837.89062, 887.69531, 969.23828, 1026.8554, 1046.3867, 1050.7812, 1047.8515, 1031.25, 1023.4375, 1000.9765, 1000.9765, 984.86328, 994.6289, 994.6289, 1002.4414, 1022.4609, 1032.7148, 1041.5039, 1027.832, 1003.9062, 994.14062, 996.58203, 1013.6718, 1034.1796, 1024.414, 1037.1093, 1040.5273, 1045.4101, 1035.6445, 1029.2968, 1027.3437, 1022.4609, 1030.2734, 1022.9492
1021.4843, 1041.9921, 1027.3437, 1023.4375, 1017.5781, 1022.9492, 1035.6445, 1020.5078, 1016.1132, 1017.0898, 1019.0429, 1028.3203, 1019.0429, 1001.4648, 1011.7187, 1002.4414, 1017.5781, 1026.3671, 1013.6718, 992.1875, 1003.4179, 1034.1796, 1200.6835, 1479.0039, 1598.1445, 1680.1757, 1622.0703, 1824.707, 1787.5976, 1593.75, 1492.1875, 1477.0507, 1333.9843, 1266.6015, 1144.0429, 1098.6328, 1042.4804, 863.76953, 646.48437, 306.15234, 229.49218, 420.89843, 222.65625, 179.6875, 352.05078, 292.96875, 407.22656, 533.20312, 567.87109, 704.58984, 782.71484, 873.53515, 1183.1054, 1375.9765, 1408.6914, 1229.0039, 1348.1445, 1278.3203, 1001.9531, 640.625, 627.92968, 248.04687, 17.089844, -121.0937, -357.4218, -877.4414, -1552.246, -1344.238, -1237.792, -1013.183, -199.2187, -197.7539, -274.414, -347.1679, -1048.339, -608.3984, -450.1953, -488.2812, -756.3476, -804.1992, -494.1406, -685.0585, -881.8359, -559.082, -314.4531, -394.0429, -478.0273, -331.0546, -11.71875, 175.78125, 461.91406, 539.55078, 562.01171, 881.83593, 1068.3593, 946.28906, 987.30468, 1669.4335, 1831.5429, 1584.4726, 1436.5234, 1597.1679, 1819.3359, 1950.6835, 1999.9389, 1890.1367, 1485.8398, 1193.3593, 1292.9687, 1076.1718, 858.39843, 787.59765, 852.05078, 886.23046, 956.54296, 933.10546, 991.21093, 1050.2929, 1040.5273, 1037.5976, 1030.7617, 1026.8554, 1032.7148, 1044.9218, 941.40625, 947.26562, 1007.3242, 1018.0664, 1041.5039, 1069.3359, 1064.9414, 1108.8867, 1090.332, 1069.8242, 1126.4648, 1129.8828, 1088.3789, 1017.0898, 968.26171, 886.71875, 913.57421, 908.6914, 953.61328, 1007.8125, 1012.6953, 1025.8789, 1097.6562, 1074.2187, 1051.7578, 1031.7382
996.58203, 1000.9765, 1018.0664, 1006.3476, 974.60937, 1002.9296, 1020.996, 988.28125, 1020.996, 992.67578, 985.83984, 975.58593, 981.93359, 1026.3671, 1083.9843, 1230.4687, 1374.0234, 1456.5429, 1680.1757, 1901.8554, 1999.9389, 1987.3046, 1657.7148, 1549.3164, 1300.7812, 1132.3242, 965.82031, 919.92187, 867.67578, 880.85937, 818.84765, 770.50781, 440.91796, 435.05859, 447.26562, 617.67578, 879.88281, 571.77734, 589.84375, 952.63671, 948.73046, 1284.6679, 1095.2148, 1141.6015, 1022.9492, 1006.3476, 640.13671, 454.58984, 174.3164, 49.804688, -333.496, -1108.886, -1349.121, -1625.488, -1049.316, -322.7539, -95.21484, -110.3515, -462.4023, -1030.273, -614.2578, -1108.398, -1129.394, -415.5273, -252.9296, -829.1015, -812.0117, -517.5781, -329.5898, -522.4609, -447.7539, -308.1054, -96.67968, -260.2539, 281.73828, 655.27343, 659.17968, 1038.0859, 774.90234, 1026.3671, 1403.8085, 1049.8046, 762.20703, 865.23437, 1209.4726, 1086.914, 1135.7421, 1185.0585, 1282.7148, 1541.0156, 1622.0703, 1621.0937, 1558.5937, 1359.8632, 1151.3671, 1000.4882, 923.82812, 765.625, 920.89843, 948.24218, 1019.0429, 1008.789, 1021.9726, 1085.9375, 1106.4453, 1070.8007, 1036.1328, 1053.2226, 1000.4882, 965.33203, 949.21875, 930.66406, 932.1289, 931.15234, 950.19531, 977.05078, 1010.7421, 1006.3476, 1012.6953, 1015.1367, 1035.1562, 1031.7382, 1022.4609, 1020.996, 1038.5742, 1056.1523, 1037.5976, 1052.7343, 1016.6015, 1012.6953, 1000.0, 1000.4882, 998.53515, 1006.8359, 994.6289, 1016.1132, 999.02343, 995.60546, 1007.3242, 986.32812, 1009.7656, 988.76953, 988.76953, 997.07031, 1003.4179, 1019.0429, 1000.9765, 993.16406, 1017.0898, 1021.4843
1011.7187, 991.69921, 984.86328, 986.8164, 997.55859, 1005.8593, 999.51171, 1006.8359, 1007.3242, 1003.9062, 1013.1835, 1020.0195, 1032.2265, 1007.8125, 973.14453, 974.12109, 970.21484, 983.88671, 1157.7148, 1287.1093, 1343.2617, 1448.2421, 1508.789, 1562.9882, 1627.4414, 1713.3789, 1640.625, 1704.1015, 1536.1328, 1421.3867, 1288.5742, 1046.3867, 920.89843, 437.01171, 327.63671, 447.26562, 630.37109, 817.87109, 1032.7148, 992.67578, 1217.2851, 1335.9375, 1622.0703, 1547.3632, 1571.7773, 1243.164, 451.66015, 166.99218, -14.16015, -383.789, -508.789, -979.9804, -386.2304, -157.7148, -637.6953, -644.0429, -686.5234, -342.2851, -223.1445, -308.5937, -379.3945, -317.3828, -576.6601, -870.6054, -536.621, -294.9218, -389.1601, -614.2578, -610.8398, -447.7539, -200.1953, -130.371, -120.1171, -62.98828, 31.738281, 157.22656, 319.33593, 326.17187, 572.26562, 479.49218, 552.73437, 750.97656, 824.21875, 665.03906, 1001.9531, 1104.9804, 746.58203, 902.83203, 1060.0585, 789.0625, 846.1914, 1063.4765, 1124.5117, 1325.1953, 891.11328, 1437.5, 1655.2734, 1625.4882, 1383.789, 1042.9687, 947.26562, 952.14843, 956.54296, 873.53515, 962.40234, 1000.9765, 983.39843, 998.04687, 948.73046, 1022.9492, 864.25781, 893.55468, 982.91015, 937.98828, 930.17578, 972.16796, 954.10156, 681.15234, 947.7539, 970.21484, 952.14843, 1060.5468, 1018.0664, 977.05078, 995.60546, 1058.1054, 881.34765, 941.89453, 1031.25, 972.16796, 982.42187, 995.60546, 979.49218, 978.02734, 980.95703, 967.28515, 981.93359, 967.77343, 948.24218, 893.55468, 862.30468, 850.09765, 891.11328, 881.34765, 923.33984, 957.03125, 956.05468, 879.39453, 824.70703, 766.11328
1014.6484, 1006.8359, 1014.6484, 990.72265, 1010.7421, 1010.2539, 1015.1367, 1009.2773, 1019.0429, 1006.3476, 994.6289, 1002.9296, 1011.7187, 1001.9531, 971.67968, 973.14453, 955.07812, 1020.0195, 982.91015, 1114.746, 1381.8359, 1619.6289, 1528.3203, 1736.3281, 1797.8515, 1746.0937, 1590.8203, 1552.246, 1464.8437, 1310.0585, 1116.6992, 942.38281, 727.05078, 616.21093, 594.23828, 648.92578, 309.08203, -68.84765, 485.83984, 498.53515, 539.0625, 652.34375, 793.94531, 928.22265, 973.14453, 1301.2695, 1369.1406, 1394.0429, 1454.1015, 1250.9765, 1126.4648, 925.29296, 342.28515, 210.9375, 93.75, -222.6562, -190.4296, -262.207, -755.371, -475.0976, -481.9335, -422.3632, -114.746, -469.7265, 19.53125, 579.10156, -1176.269, -631.8359, -647.4609, -767.5781, -1001.464, -539.0625, -498.5351, -665.5273, -649.414, -572.7539, -320.3125, -369.1406, -458.9843, -327.1484, -251.4648, -158.2031, -248.5351, -117.6757, 234.86328, 214.84375, 244.14062, 556.15234, 756.34765, 854.0039, 552.73437, 933.59375, 971.1914, 793.94531, 643.55468, 1053.7109, 1602.539, 968.26171, 872.07031, 902.34375, 988.28125, 1131.8359, 1150.8789, 1317.3828, 1425.2929, 1431.6406, 1379.8828, 1446.289, 1263.6718, 1205.0781, 1077.6367, 1002.9296, 966.30859, 958.98437, 970.21484, 1030.7617, 1031.7382, 1057.1289, 1063.9648, 1079.1015, 1085.9375, 1096.1914, 1069.3359, 1026.3671, 989.25781, 958.00781, 935.05859, 931.64062, 956.05468, 972.16796, 994.6289, 1003.9062, 982.42187, 997.07031, 981.44531, 970.70312, 980.95703, 966.79687, 983.88671, 977.05078, 975.09765, 998.53515, 1008.789, 1003.4179, 1021.9726, 1026.3671, 1030.7617, 1037.5976, 1022.4609, 1023.4375
983.88671, 1015.625, 1014.1601, 1001.9531, 1006.3476, 1009.7656, 1007.3242, 1010.2539, 1034.1796, 1019.5312, 1021.9726, 1018.5546, 1014.6484, 1018.0664, 1080.5664, 1161.621, 1248.5351, 1382.3242, 1574.2187, 1579.5898, 1592.2851, 1999.9389, 1999.9389, 1941.4062, 1733.8867, 1572.7539, 1439.4531, 1126.4648, 1041.5039, 907.22656, 617.67578, 422.85156, 192.87109, 460.44921, 675.78125, 544.92187, 542.48046, 756.34765, 735.35156, 1060.5468, 1159.6679, 1389.6484, 1630.8593, 1604.0039, 1305.1757, 931.15234, 606.44531, 86.914062, 44.433594, -115.2343, -693.3593, -748.5351, -1383.789, -761.7187, -449.707, -207.5195, -129.3945, -488.7695, -455.5664, -673.3398, -940.4296, -958.0078, -578.125, -1236.328, -1016.113, -678.7109, -285.1562, -673.8281, -865.2343, -626.9531, -520.0195, -580.5664, -320.3125, -99.12109, -109.8632, 36.132812, -35.64453, 200.68359, 34.179688, 70.800781, 364.74609, 592.77343, 550.78125, 505.37109, 852.53906, 1073.7304, 753.90625, 689.45312, 950.19531, 1042.4804, 1228.5156, 1572.7539, 1746.582, 1740.2343, 1645.0195, 1403.8085, 1162.5976, 1264.1601, 1252.9296, 1237.3046, 1053.7109, 1071.7773, 1176.7578, 1255.371, 1099.6093, 1128.9062, 1148.4375, 985.35156, 789.0625, 836.91406, 925.78125, 978.02734, 993.65234, 1013.6718, 1075.6835, 1082.5195, 1038.0859, 1012.6953, 1009.7656, 971.67968, 937.98828, 925.78125, 925.29296, 949.70703, 978.02734, 1060.5468, 1026.8554, 1001.9531, 1045.8984, 1071.289, 1058.1054, 1050.7812, 1045.8984, 1034.1796, 1041.9921, 1027.3437, 1035.1562, 1046.3867, 1020.5078, 1010.2539, 991.69921, 967.28515, 992.1875, 977.05078, 980.95703, 972.16796, 956.05468, 942.38281, 951.66015, 988.76953
1010.7421, 1022.9492, 1017.5781, 1029.7851, 1015.1367, 1008.789, 1013.1835, 1001.4648, 1010.7421, 1005.8593, 1003.4179, 1009.2773, 1094.2382, 1045.8984, 1047.3632, 1000.4882, 1096.1914, 1231.9335, 1111.3281, 1118.6523, 1233.3984, 1319.8242, 1422.3632, 1596.1914, 1500.0, 1412.1093, 1456.0546, 1675.2929, 1781.7382, 1561.5234, 1235.8398, 1018.0664, 829.10156, 1129.3945, 1460.9375, 1468.2617, 1502.4414, 1420.8984, 1396.4843, 1225.5859, 1065.4296, 1006.8359, 832.51953, 695.3125, 549.80468, 296.38671, 346.67968, 184.08203, -297.3632, -397.9492, -329.1015, -621.0937, -782.2265, -847.6562, -851.5625, -587.8906, -630.371, -884.2773, -1291.015, -837.8906, -732.4218, -852.539, -654.2968, -585.4492, -475.0976, -687.0117, -770.996, -586.914, -479.0039, -549.8046, -562.5, -437.0117, -244.1406, -181.1523, -254.8828, -370.1171, -376.9531, -325.6835, -172.8515, 250.48828, 424.3164, 387.20703, 614.25781, 581.05468, 496.58203, 730.95703, 812.98828, 752.4414, 705.5664, 835.44921, 1207.5195, 1819.3359, 1999.9389, 1999.9389, 1999.9389, 1999.9389, 1999.9389, 1715.332, 1147.4609, 1052.246, 1017.0898, 957.51953, 847.16796, 947.26562, 1205.0781, 1305.1757, 1264.6484, 1292.4804, 1188.9648, 1001.9531, 749.51171, 799.80468, 991.21093, 797.36328, 1000.4882, 886.71875, 908.20312, 1020.996, 854.49218, 871.58203, 1195.8007, 634.27734, 459.47265, 744.14062, 1378.4179, 998.53515, 450.19531, 1021.9726, 945.3125, 860.35156, 759.76562, 940.42968, 1474.121, 1375.9765, 999.02343, 349.12109, 731.93359, 880.85937, 915.03906, 1121.582, 909.66796, 1120.6054, 906.25, 1011.2304, 1078.125, 1104.0039, 786.62109, 1139.1601, 458.00781, 1219.2382
1058.5937, 1024.9023, 1023.4375, 1007.3242, 1024.414, 1021.9726, 1029.2968, 1034.1796, 1013.1835, 1006.8359, 1001.4648, 1021.4843, 1024.414, 1005.371, 1009.2773, 1044.9218, 1128.4179, 1185.0585, 1224.121, 1298.3398, 1361.8164, 1684.5703, 1626.9531, 1949.707, 1967.7734, 1738.2812, 1698.2421, 1356.9335, 1362.7929, 1235.8398, 1103.5156, 1008.3007, 807.1289, 940.91796, 958.49609, 946.77734, 1178.2226, 1140.1367, 876.46484, 921.875, 1244.1406, 1192.871, 1220.2148, 865.23437, 590.82031, 275.39062, 327.63671, 187.5, -57.61718, -299.3164, -629.3945, -610.3515, -512.6953, -623.0468, -716.3085, -660.1562, -627.4414, -708.0078, -538.5742, -528.3203, -795.8984, -925.2929, -812.0117, -865.7226, -934.082, -936.0351, -1136.23, -904.7851, -366.6992, 182.1289, 357.91015, -32.71484, 340.33203, 690.91796, 697.7539, 973.63281, 1092.7734, 761.71875, 719.72656, 971.1914, 1258.3007, 1308.1054, 1418.9453, 1476.5625, 1618.6523, 1733.8867, 1966.7968, 1999.9389, 1999.9389, 1417.9687, 1060.5468, 854.98046, 812.98828, 761.23046, 749.51171, 809.57031, 948.24218, 1005.8593, 1023.9257, 1130.371, 1146.4843, 1124.5117, 1097.1679, 1018.5546, 989.25781, 953.125, 933.59375, 938.47656, 958.49609, 985.83984, 992.1875, 1026.8554, 1030.7617, 1022.9492, 1024.414, 1048.8281, 1041.0156, 1025.8789, 1020.5078, 1023.4375, 1033.2031, 1023.9257, 1031.7382, 996.09375, 1001.9531, 1017.0898, 1030.2734, 1032.2265, 1027.832, 1037.1093, 1048.8281, 1063.4765, 1055.664, 1052.7343, 1047.8515, 1035.1562, 1041.0156, 1029.2968, 1030.7617, 1025.8789, 999.02343, 1025.3906, 996.58203, 1022.4609, 1013.1835, 1001.4648, 1011.2304, 1007.8125, 1020.0195, 1021.4843
1016.1132, 1019.0429, 1008.789, 1010.7421, 1009.7656, 1008.3007, 1020.5078, 1008.3007, 1004.3945, 1015.1367, 1028.8085, 1021.4843, 1028.8085, 1014.1601, 1022.9492, 1020.0195, 1012.207, 1016.1132, 1006.3476, 1010.7421, 1006.3476, 1006.8359, 1011.7187, 1001.4648, 1013.6718, 1008.789, 995.11718, 1006.3476, 1022.4609, 1067.871, 1171.3867, 1257.8125, 1333.9843, 1383.3007, 1460.4492, 1618.6523, 1804.1992, 1905.2734, 1811.0351, 1803.2226, 1765.1367, 1675.7812, 1645.0195, 1480.4687, 1383.789, 1252.4414, 1140.625, 871.09375, 546.875, 981.44531, 762.20703, 883.30078, 823.73046, 1008.3007, 1188.9648, 1131.3476, 1338.8671, 1170.8984, 883.30078, 536.13281, 391.11328, 129.39453, -153.3203, -267.0898, -473.6328, -416.9921, -427.246, -772.4609, -607.9101, -602.539, -656.7382, -899.9023, -760.2539, -510.7421, -696.289, -919.9218, -1121.582, -1235.351, -991.6992, -800.7812, -767.0898, -618.6523, -527.3437, -578.6132, -736.8164, -1006.347, -830.0781, -676.7578, -780.2734, -772.4609, -644.0429, -393.0664, -120.6054, 272.46093, 720.70312, 955.07812, 1173.3398, 1415.5273, 1705.0781, 1330.0781, 1124.0234, 1161.1328, 1395.0195, 1445.3125, 1457.5195, 1600.5859, 1872.0703, 1999.9389, 1999.9389, 1999.9389, 1789.0625, 1169.9218, 900.8789, 642.57812, 613.76953, 652.83203, 744.6289, 800.29296, 898.4375, 1023.4375, 1099.121, 1145.996, 1208.9843, 1196.289, 1103.5156, 1014.1601, 954.58984, 908.20312, 891.11328, 886.23046, 883.78906, 928.71093, 966.30859, 1000.0, 1019.0429, 1024.414, 1031.25, 1042.9687, 1038.5742, 1048.8281, 1038.0859, 1046.3867, 1034.1796, 1049.3164, 1029.2968, 1026.8554, 1046.3867, 1041.9921, 1035.6445, 1029.2968
1007.3242, 1000.4882, 1002.9296, 1004.3945, 1010.2539, 999.51171, 1014.1601, 994.14062, 1011.7187, 1009.2773, 994.14062, 1002.9296, 999.51171, 1007.8125, 1000.0, 997.55859, 1013.6718, 992.67578, 1007.3242, 979.98046, 995.11718, 989.25781, 1032.7148, 978.51562, 1010.7421, 940.91796, 1061.0351, 1101.5625, 1168.9453, 1234.8632, 1296.875, 1518.0664, 1894.0429, 1944.3359, 1999.9389, 1953.125, 1760.2539, 1719.2382, 1537.5976, 1422.8515, 1204.5898, 1303.7109, 1027.3437, 1038.0859, 1269.0429, 989.25781, 1332.0312, 1616.2109, 1474.121, 1240.2343, 1143.0664, 1068.8476, 1107.4218, 1098.1445, 784.17968, 624.02343, 553.71093, 384.27734, 212.89062, -141.6015, -328.125, -248.5351, -534.1796, -370.1171, -548.8281, -562.0117, -730.4687, -931.1523, -708.496, -988.7695, -936.0351, -1250.976, -1126.953, -1038.574, -885.7421, -841.7968, -744.6289, -762.207, -776.8554, -860.3515, -782.2265, -740.7226, -929.6875, -638.6718, -454.5898, -372.0703, -154.2968, 258.30078, 340.82031, 554.6875, 661.13281, 988.76953, 1369.1406, 1262.207, 1421.3867, 1730.4687, 1506.3476, 1371.582, 1421.3867, 1631.3476, 1884.7656, 1999.9389, 1999.9389, 1999.9389, 1999.9389, 1162.5976, 591.30859, 691.40625, 708.49609, 600.58593, 554.19921, 629.39453, 780.27343, 878.90625, 987.30468, 1063.9648, 1149.9023, 1185.0585, 1139.6484, 1031.25, 947.26562, 909.66796, 883.78906, 843.75, 891.11328, 918.94531, 979.0039, 1033.2031, 1066.4062, 1046.875, 1053.7109, 1064.9414, 1044.4335, 1031.7382, 1004.3945, 1004.3945, 1007.3242, 1004.3945, 1024.414, 1016.6015, 1006.8359, 1020.0195, 1013.6718, 1007.8125, 991.21093, 994.14062, 976.5625, 963.3789, 979.98046, 981.44531
1054.6875, 973.14453, 975.58593, 990.72265, 980.46875, 977.05078, 974.60937, 974.12109, 981.44531, 975.58593, 971.1914, 978.02734, 946.28906, 963.86718, 1063.4765, 1242.6757, 1331.0546, 1434.082, 1467.7734, 1455.5664, 1601.0742, 1762.207, 1902.832, 1842.7734, 1741.2109, 1493.6523, 1332.5195, 1410.1562, 1391.1132, 1280.2734, 1412.1093, 955.07812, 415.52734, 248.04687, 816.40625, 953.125, 1237.3046, 1211.914, 1196.7773, 1032.7148, 1051.7578, 1025.8789, 907.22656, 883.30078, 883.78906, 598.14453, 329.58984, 345.21484, 238.28125, 12.695312, -75.68359, -84.96093, -163.5742, -539.5507, -793.9453, -918.9453, -706.5429, -719.2382, -987.3046, -1000.488, -1270.507, -1214.355, -1093.261, -729.9804, -595.2148, -383.789, -443.8476, -540.039, -665.5273, -666.9921, -598.1445, -888.6718, -982.9101, -821.289, -735.8398, -748.0468, -664.0625, -244.6289, -28.80859, 503.90625, 667.48046, 818.84765, 1182.1289, 1620.6054, 1192.871, 1125.4882, 1605.957, 1999.9389, 1999.9389, 1999.9389, 1999.9389, 1999.9389, 1999.9389, 1097.1679, 459.47265, 162.59765, 528.32031, 597.65625, 526.85546, 606.44531, 742.1875, 935.05859, 1074.2187, 1158.2031, 1214.3554, 1206.0546, 1102.539, 987.30468, 902.83203, 842.28515, 833.00781, 846.1914, 901.36718, 936.52343, 979.0039, 1030.7617, 1073.2421, 1102.0507, 1101.0742, 1093.2617, 1073.2421, 1047.3632, 1024.9023, 1011.7187, 1008.789, 1019.0429, 1023.4375, 1025.8789, 1035.6445, 1036.621, 1023.4375, 998.04687, 987.79296, 1001.9531, 993.16406, 990.72265, 980.46875, 979.98046, 965.33203, 986.8164, 993.65234, 1002.9296, 1012.6953, 1007.3242, 1013.6718, 1006.3476, 1001.4648, 1000.4882, 1002.9296, 1002.4414
1015.1367, 1230.957, 1136.7187, 1424.3164, 1720.7031, 1999.9389, 1999.9389, 1999.9389, 1999.9389, 1445.8007, 827.63671, 279.29687, 857.42187, 650.8789, 699.21875, 804.19921, 888.67187, 928.22265, 968.26171, 997.55859, 1045.8984, 1038.5742, 1015.625, 962.89062, 960.9375, 937.01171, 966.30859, 984.86328, 984.375, 1019.5312, 1024.9023, 1066.4062, 1053.7109, 1072.2656, 1062.9882, 1070.3125, 1063.9648, 1032.7148, 1022.9492, 1023.4375, 1022.4609, 1028.3203, 1023.9257, 1016.1132, 996.58203, 991.69921, 995.11718, 992.1875, 985.35156, 993.65234, 997.07031, 982.42187, 983.88671, 947.7539, 1038.0859, 1247.0703, 1364.746, 1342.7734, 1214.3554, 1256.3476, 1425.2929, 1529.2968, 1678.7109, 1518.5546, 1460.4492, 1435.5468, 1430.1757, 1510.2539, 1736.3281, 1842.2851, 1821.7773, 1713.8671, 1431.1523, 1232.9101, 997.55859, 1265.625, 1602.0507, 1202.6367, 1211.914, 719.23828, 541.01562, 116.69921, 395.01953, 208.00781, 85.9375, -110.3515, 334.47265, 99.121094, -282.7148, -369.1406, -370.1171, -322.7539, -503.4179, -414.5507, -446.7773, -467.7734, -506.3476, -579.1015, -784.1796, -1124.023, -1134.765, -1054.199, -548.8281, -237.3046, -333.496, -547.3632, -941.4062, -415.5273, -532.7148, -845.2148, -689.9414, -331.0546, -300.2929, -347.6562, 127.92968, 274.41406, 226.07421, 186.52343, 568.35937, 901.36718, 1257.8125, 1292.9687, 1552.246, 1278.3203, 1049.8046, 1043.9453, 1171.3867, 1226.0742, 1602.0507, 1999.9389, 1999.9389, 1999.9389, 1999.9389, 1755.371, 393.0664, -190.9179, 858.88671, 889.64843, 1030.7617, 905.27343, 955.5664, 1038.0859, 1034.1796, 948.73046, 947.7539, 948.24218, 952.63671, 946.28906, 917.96875, 941.40625
985.35156, 990.72265, 988.28125, 972.65625, 987.79296, 992.1875, 994.14062, 1007.8125, 1000.4882, 988.76953, 985.83984, 975.09765, 983.88671, 968.26171, 1003.4179, 1031.7382, 1073.2421, 1112.7929, 1156.7382, 1236.8164, 1442.871, 1438.4765, 1607.9101, 1607.4218, 1589.8437, 1622.0703, 1571.7773, 1670.4101, 1643.5546, 1874.0234, 1641.1132, 1255.371, 1012.207, 1194.8242, 996.58203, 1088.8671, 1144.0429, 1036.1328, 1055.1757, 1029.2968, 937.01171, 824.21875, 814.45312, 811.52343, 648.92578, 728.51562, 549.3164, 541.01562, 406.25, 131.83593, 87.890625, 75.683594, 57.617188, -71.28906, -302.7343, -233.3984, -187.0117, -372.0703, -350.5859, -511.2304, -647.9492, -977.539, -912.1093, -752.9296, -819.3359, -958.9843, -698.7304, -555.664, -471.1914, -424.3164, -482.9101, -513.6718, -512.207, -491.2109, -395.996, -351.0742, -484.375, -598.6328, -555.664, -316.4062, -373.5351, -408.6914, -588.8671, -471.6796, -247.5585, -120.1171, -5.859375, 353.02734, 497.07031, 355.95703, 496.58203, 840.33203, 1083.0078, 1306.6406, 1124.0234, 1272.9492, 1315.9179, 1305.1757, 1341.3085, 1387.6953, 1562.9882, 1997.0703, 1999.9389, 1999.9389, 1999.9389, 1999.9389, 1300.7812, 448.73046, 342.77343, 722.65625, 840.33203, 976.5625, 980.95703, 964.35546, 1024.414, 1016.1132, 973.14453, 952.14843, 925.78125, 943.84765, 968.75, 977.05078, 996.58203, 981.44531, 977.53906, 988.76953, 973.63281, 985.35156, 984.86328, 991.69921, 1003.9062, 1000.9765, 1004.8828, 997.07031, 987.79296, 1005.371, 1000.9765, 986.32812, 999.02343, 995.60546, 998.53515, 987.30468, 983.88671, 989.25781, 994.6289, 992.1875, 992.1875, 1005.8593, 1010.2539, 1000.4882
982.42187, 981.44531, 991.69921, 982.42187, 988.28125, 987.30468, 995.60546, 1002.4414, 986.8164, 988.76953, 991.21093, 985.83984, 1007.3242, 993.65234, 994.6289, 997.07031, 995.60546, 985.83984, 987.30468, 985.35156, 981.93359, 989.74609, 1004.8828, 1009.7656, 1005.371, 942.87109, 959.47265, 960.9375, 986.8164, 958.98437, 1036.1328, 1219.2382, 1346.6796, 1332.0312, 1327.6367, 1527.3437, 1810.0585, 1994.1406, 1930.1757, 1787.1093, 1735.3515, 1452.1484, 1391.6015, 1150.8789, 1095.7031, 806.15234, 779.78515, 728.51562, 547.85156, 738.28125, 512.69531, 611.8164, 423.82812, 494.6289, 480.95703, 478.51562, 528.32031, 728.02734, 762.20703, 843.75, 897.94921, 1038.5742, 1257.3242, 1215.332, 917.48046, 988.28125, 996.09375, 1188.4765, 1044.4335, 1047.3632, 1063.4765, 1119.1406, 939.45312, 859.86328, 797.85156, 755.37109, 666.5039, 312.98828, 227.05078, 67.382812, -118.164, -212.4023, -161.1328, -278.3203, -681.1523, -795.8984, -438.4765, -845.2148, -550.2929, -645.996, -774.414, -847.6562, -904.2968, -1161.132, -1158.691, -920.4101, -543.9453, -465.332, -431.6406, -432.1289, -557.1289, -506.3476, -447.7539, -556.1523, -582.5195, -512.207, -281.25, -237.3046, -264.6484, -378.4179, -304.6875, -337.4023, -318.8476, -249.0234, -423.3398, -567.871, -264.6484, 306.64062, 598.63281, 640.13671, 535.15625, 610.35156, 1075.6835, 1083.496, 583.98437, 481.93359, 971.1914, 1635.7421, 1206.0546, 1274.9023, 1334.4726, 1402.3437, 1667.9687, 1999.9389, 1999.9389, 1999.9389, 862.79296, 1287.1093, 891.60156, 742.67578, 813.47656, 779.29687, 821.28906, 841.30859, 862.79296, 895.50781, 941.40625, 978.51562, 1013.1835, 1034.6679
